p1,Post_1,post
p2,Post_2,post
p3,Post_3,post
p4,Post_4,post
p5,Post_5,post
p6,Post_6,post
p7,Post_7,post
p8,Post_8,post
p9,Post_9,post
m10,Message_10,message
p10,Post_10,post
u11,User_11,user
u10,User_10,user
u13,User_13,user
u12,User_12,user
u15,User_15,user
u14,User_14,user
u1,User_1,user
u2,User_2,user
u3,User_3,user
u4,User_4,user
u5,User_5,user
u6,User_6,user
u7,User_7,user
u8,User_8,user
u9,User_9,user
m1,Message_1,message
m2,Message_2,message
m3,Message_3,message
m4,Message_4,message
m5,Message_5,message
m6,Message_6,message
m7,Message_7,message
m8,Message_8,message
m9,Message_9,message
